"Title","Type","Availability","MSRP Currency","MSRP","Show Price Currency","Show Price","Publisher","Location","Priority","Notes","Thumbs","BGGId","BGGVersionId","Mfg Product Code","Release Date","Override Release Date","Events"
"Primacy","Standalone","Demo","N/A","N/A","N/A","N/A","Spielcraft Games","Hall B : Orange, Table 38",2,"",12,"377946","645404","","2026-00-00","",""
"One in a Million","Standalone","Demo","N/A","N/A","N/A","N/A","Spielcraft Games, Everything's on the Table",", ",1,"Crazy sounding card game with unique decks",16,"466074","793556","","2026-00-00","",""
"Gnomeville","Standalone","Demo","N/A","N/A","N/A","N/A","Adam's Apple Games, LLC","1443",1,"",46,"455727","775700","","0000-00-00","Q3 2026",""
"EXIT: The Game – The Circus Mystery","Standalone","For Sale","USD",17.95,"USD",16.16,"KOSMOS","2605",2,"",14,"445019","784437","692888","0000-00-00","Q1 2026",""
"EXIT: The Game – Kids: The Great Bee-scape","Standalone","For Sale","USD",17.95,"USD",16.16,"KOSMOS","2605",2,"",6,"449213","784436","692870","0000-00-00","Q1 2026",""
"Combo Creatures: The Witty Ones","Standalone","For Sale","N/A","N/A","N/A","N/A","DV Games","2109",1,"Co-designed by Mindbug designer",15,"472805","804793","DVG9707","2026-07-28","",""
"Magicats","Standalone","For Sale","USD",35,"USD",35,"Korea Boardgames","2855",1,"New Knizia",22,"462437","787125","","2026-04-11","",""
"Pulitzer","Standalone","For Sale","USD",60,"N/A","N/A","25th Century Games","2219",2,"",58,"428231","792716","","2026-09-00","",""
"Cola Wars","Standalone","Demo","N/A","N/A","N/A","N/A","One More Turn Games","2745",1,"",93,"429373","728952","","0000-00-00","",""
"First Giants","Standalone","For Sale","USD",34,"USD",34,"Space Cowboys","1109, 809, 817, 929 (Asmodee Booth)",1,"Guild of Merchant Explorers designer",50,"462464","787172","SCNJC01EN","2026-05-16","",""
"Malagasy","Standalone","Demo","N/A","N/A","N/A","N/A","BluEncore","ICC Hall C",1,"Designer of Bonsai",14,"439989","748149","","0000-00-00","Q2 2026",""
"The Creeps: The Monster-Trapping Game","Standalone","Demo","N/A","N/A","N/A","N/A","Off the Page Games","Hall B Orange Table 40",2,"Designer of Hall of the Mountain King, Belfort",8,"457370","778475","OTPGTC001","2026-07-01","",""
"Corps of Discovery: A Game Set in the World of Manifest Destiny","Standalone","For Sale","N/A","N/A","N/A","N/A","Off the Page Games","2321",2,"",21,"396895","674442","OTPGCOD001","2025-04-00","",""
"Kingdom Come: Deliverance – The Board Game","Standalone","Demo","N/A","N/A","N/A","N/A","Czech Games Edition (CGE)","Room 235",2,"",125,"473897","806759","","0000-00-00","Q4 2026",""
"Viking Traders","Standalone","For Sale","USD",39.99,"N/A","N/A","Outset Media","162",2,"",16,"472328","803890","","0000-00-00","",""
"7th Seal","Standalone","For Sale","N/A","N/A","N/A","N/A","Devir","2811",1,"Solo Game",104,"457575","779027","","0000-00-00","August 2026",""
"Crits & Tricks","Standalone","For Sale","N/A","N/A","N/A","N/A","Inside Up Games","1842",1,"Designer of Origin Story",116,"436907","741688","IUG_019 1ST PR","2026-01-00","Q2 2026",""
"Vampire Survivors: The Board Game","Standalone","For Sale","USD",79,"USD",79,"Grey Fox Games","2627",1,"Century designer",68,"447125","760138","","2026-12-00","",""
"Electrify","Standalone","Demo","N/A","N/A","N/A","N/A","Alderac Entertainment Group","403",1,"Designer of Cubitos, Space Base",185,"462761","787650","1012","2027-00-00","",""
"Brave & Bold: Bag Building Combat Game","Standalone","For Sale","USD",32.5,"USD",27,"Resurrection Games","3054",2,"",80,"464449","790645","","2026-09-04","",""
"The Witches of Willowspur","Standalone","For Sale","USD",79.99,"USD",79.99,"Devious Weasel Games","1541",1,"From the Cosmic Frog designer",27,"466328","794000","DWE8000","0000-00-00","Q3 2026",""
"Sprout","Standalone","Demo","N/A","N/A","N/A","N/A","Rabble","2140",1,"",29,"424885","720908","","0000-00-00","",""
"Pyradice","Standalone","For Sale","USD",44.99,"USD",44.99,"Arcane Wonders","629",2,"",60,"423170","747129","","0000-00-00","Q1 2026",""
"Raas: A Dance of Love","Standalone","Demo","USD",64.99,"N/A","N/A","Arcane Wonders","629",2,"Looks like a take on Tzoklin but with lots of color!",121,"358912","603740","","2026-00-00","Q1 2026",""
"Estate: Raise the Realm","Standalone","For Sale","USD",69,"N/A","N/A","Grod Games LLC.","Lucas Oil Stadium (Bear Left HQ)",2,"",71,"419437","710969","","2025-11-00","Q1 2026",""
"Potemkin Villages","Standalone","Demo","N/A","N/A","N/A","N/A","Albi","2564",1,"Coop trick taker by the co-designer of Sanctum and Kutna Hora.",73,"454829","801980","","0000-00-00","",""
"Kano","Standalone","For Sale","USD",40,"USD",40,"Matagot","2321",1,"",66,"470343","800728","","2026-08-01","",""
"Food Truck Fury","Standalone","Demo","N/A","N/A","N/A","N/A","Van Ryder Games","Room 125",2,"",42,"472256","803725","","0000-00-00","SPIEL '26",""
"The Path of the Priest","Standalone","For Sale","USD",10,"N/A","N/A","Detestable Games","357",1,"Solo game",104,"438732","803542","DTS-10100-EN","2026-07-30","",""
"Àiyé","Standalone","For Sale","USD",35,"N/A","N/A","Moon Saga Workshop","2953",1,"Designers of Kokeshi, HiFi",56,"322626","789855","","0000-00-00","",""
"Drillers","Standalone","For Sale","USD",60,"N/A","N/A","Czech Games Edition (CGE)","1003",1,"",327,"465669","792620","","0000-00-00","Q3 2026",""
"Las Vegas","Standalone","For Sale","N/A","N/A","N/A","N/A","Ravensburger AG","2001",2,"",53,"463783","789456","24903","0000-00-00","",""
"The Glorious Guilds of Buttonville","Standalone","For Sale","N/A","N/A","N/A","N/A","Ravensburger AG","2001",1,"Designer of MindBug",42,"446949","771680","24785","0000-00-00","",""
"Night at the Zoo","Standalone","For Sale","USD",44.99,"N/A","N/A","Capstone Games","611",2,"Designer of SETI",295,"457412","796406","","2026-08-05","",""
"Abroad","Standalone","For Sale","USD",69,"N/A","N/A","Portal Games","419",2,"",142,"437337","804329","","2026-10-00","",""
"Ringyō","Standalone","Demo","N/A","N/A","N/A","N/A","Paverson Games","1755",1,"",150,"451298","767529","","2026-00-00","",""
"Jason and the Argonauts","Standalone","Demo","N/A","N/A","N/A","N/A","Envy Born Games","2561",2,"Solo game",610,"457470","778824","","2027-02-00","",""
"Hercules and the 12 Labors","Standalone","For Sale","N/A","N/A","USD",30,"Envy Born Games","2561",2,"Solo game",452,"436038","740214","","2025-12-01","",""
"Cyberpunk Legends","Standalone","Demo","N/A","N/A","N/A","N/A","Night Crew Games","",2,"",63,"450672","766376","","2026-00-00","",""
"Big Shot","Standalone","For Sale","USD",30,"USD",30,"Playte","155",2,"",33,"1125","793475","","0000-00-00","",""
"March of the Ants: Evolved Edition","Standalone","For Sale","USD",60,"USD",55,"Weird City Games","2661",2,"",78,"416079","704682","","2025-11-00","",""
"Song of Silveranth","Standalone","Demo","N/A","N/A","N/A","N/A","Red Raven Games","230",2,"",59,"451428","767811","","0000-00-00","Q2 2027",""
"dnup","Standalone","For Sale","N/A","N/A","N/A","N/A","asmodee","Asmodee booth #1109",1,"Designer of Scout. Looks similar to Panda Spin.",106,"432456","792708","","2026-05-28","",""
"Diables","Standalone","Demo","USD",80,"N/A","N/A","Salt & Pepper Games","2666",2,"Barcelona designer... will it be good this time?",216,"469504","799306","","0000-00-00","",""
"Entropy","Standalone","For Sale","USD",65,"USD",65,"Board&Dice","2527",2,"By the designer of Barrage. Looks crunchy.",765,"462941","787933","","0000-00-00","",""
"Cozy Stickerville","Standalone","For Sale","USD",39.99,"USD",39.99,"Unexpected Games","Asmodee Booth 817",1,"New game by Corey Konieczka",123,"456440","777006","UGCSV0101","2026-02-06","",""
"Gunsen: The Battle for Toshi Ranbo","Standalone","Demo","N/A","N/A","N/A","N/A","Office Dog","Asmodee Booth 1109",2,"Designer of Search for Planet X, Fromage",28,"449018","763407","ODGTBF0101EN","2026-08-28","",""
"Ronin","Standalone","For Sale","USD",60,"USD",60,"Queen Games","2841 (Luma Imports Booth)",1,"",17,"443707","754484","","2025-10-00","",""
"Compile: Main 3","Standalone","For Sale","USD",25,"USD",25,"Synapses Games","Luma Imports: 2841",2,"",75,"469090","798651","COMP-MN03","0000-00-00","Q3 2026",""
"Crime Scene Tamperer","Standalone","For Sale","USD",19.95,"USD",19.95,"Greater Than Games, LLC","2856",2,"",28,"473060","805230","CRIM-CORE","2026-08-15","",""
"The Secrets of Warden Keene","Standalone","Demo","USD",45,"N/A","N/A","Pandasaurus Games","215",1,"Designer of Toy Battle, Libertalia",32,"453913","804031","","0000-00-00","Oct 2026",""
"Railway Boom","Standalone","For Sale","USD",65,"USD",65,"CrowD Games","163",1,"Designer of Bomb Busters along with Simone Luciani",214,"448159","803583","CGA25001","0000-00-00","Q3 2026",""
"Greylune","Standalone","For Sale","USD",39.95,"USD",39.95,"Pandasaurus Games","215",1,"Designer of Caylus",105,"459401","803535","","2026-09-00","",""
"Frosted Blooms","Standalone","For Sale","USD",35,"USD",35,"Synapses Games","Luma Imports: 2841",2,"Bruno Cathala",76,"449853","764883","FB01ENFR","2026-03-00","",""
"Circadia","Standalone","For Sale","USD",18,"USD",18,"Synapses Games","Luma Imports: 2841",2,"Designer of Bomb Busters",25,"454399","773663","CIRC01ENFR","2026-06-00","",""
"The Lord of the Rings: The King's Gambit","Standalone","Demo","N/A","N/A","N/A","N/A","Restoration Games","1735",1,"",129,"467694","796163","","0000-00-00","",""
"The Amazing Journey","Standalone","Demo","N/A","N/A","N/A","N/A","Horrible Guild","Hall H, booth #2136",1,"Designer of Dragon Castle, Railroad Ink",23,"471086","801845","HG191","0000-00-00","",""
"Inkwell","Standalone","For Sale","USD",29.99,"USD",25,"DVC Games","2568",2,"Could hit that Azul sweet spot",75,"442307","752098","MXB0100","2025-12-00","Q1 2026",""
"Computer Junkyard","Standalone","For Sale","USD",54.95,"USD",49.95,"Dream Egg Games","163",1,"",28,"424897","720928","","2026-04-00","",""
"Jump Masters!","Standalone","For Sale","USD",50,"N/A","N/A","Neon Knight Games","",2,"",14,"463836","791519","","0000-00-00","",""
"Dragons of Etchinstone","Standalone","For Sale","USD",15,"N/A","N/A","Chip Theory Games","1317",2,"Solo game",37,"367086","751562","DOE-GAME-001/DR-DRA-2025-1","2025-11-00","",""
"Dragons of Etchinstone","Standalone","For Sale","USD",15,"N/A","N/A","Chip Theory Games","1317",2,"Solo game",31,"367086","760439","","0000-00-00","",""
"A Familiar Find","Standalone","For Sale","USD",24.99,"USD",24.99,"Darrington Press","2639",2,"",21,"465239","791852","","2026-04-07","",""
"Brumble Quest","Standalone","For Sale","USD",10,"USD",10,"Plaid Hat Games","2229",2,"",19,"474443","807698","","2026-07-30","",""
"Rocking Raft","Standalone","For Sale","USD",25,"N/A","N/A","Horrible Guild","Hall H, booth #2136",1,"",18,"466723","794645","HG279","2026-07-00","",""
"Hell of a Deal","Standalone","For Sale","N/A","N/A","N/A","N/A","Smirk & Dagger Games","719",1,"",74,"463605","789153","","0000-00-00","",""
"War of the Dragon: The Wheel of Time","Standalone","Demo","N/A","N/A","N/A","N/A","Dire Wolf","Dire Wolf Event Room #141",2,"",37,"470548","800946","","0000-00-00","",""
"Old Ones Origins","Standalone","Demo","N/A","N/A","N/A","N/A","Chaosium","511",1,"Reimplements Forbidden Stars which reimplements Starcraft",35,"474883","808387","","0000-00-00","",""
"Hanami","Standalone","For Sale","USD",69.99,"N/A","N/A","Keymaster Games","2113",2,"Reimplements Samurai - Knizia",35,"450860","805130","KYM1602","2026-05-00","",""
"a_way","Standalone","For Sale","USD",13,"USD",10,"Blue Orange (EU)","1901",1,"Looks like an amped up Tsuro?",31,"446026","790307","","0000-00-00","",""
"Orloj: The Prague Astronomical Clock","Standalone","For Sale","N/A","N/A","N/A","N/A","Devir","2811",2,"",257,"429405","779608","","0000-00-00","April 2026",""
"Realm of Reckoning","Standalone","For Sale","USD",89.99,"N/A","N/A","IV Studio","3043",2,"Designer of Moonrakers",74,"446893","803839","","2026-07-01","",""
"Cyberpunk: Edgerunners – Hunted","Standalone","Demo","USD",40,"N/A","N/A","No Loading Games","2321",2,"",7,"460036","783305","","0000-00-00","",""
